Metric,Value
Test Loss,0.316690
Pixel Accuracy,0.902656
Mean IoU,0.588982

Class,IoU
class_0,0.940098
class_1,0.821193
class_2,0.091809
class_3,0.954808
class_4,0.784635
class_5,0.912040
class_6,0.321081
class_7,0.527796
class_8,0.625558
class_9,0.303899
class_10,0.542435
class_11,0.242437
