Metric,Value
Test Loss,0.270272
Pixel Accuracy,0.915694
Mean IoU,0.568018

Class,IoU
class_0,0.929110
class_1,0.869696
class_2,0.015985
class_3,0.969810
class_4,0.877014
class_5,0.899262
class_6,0.282208
class_7,0.624048
class_8,0.594665
class_9,0.265683
class_10,0.282729
class_11,0.205999
