Metric,Value
Test Loss,0.355128
Pixel Accuracy,0.892028
Mean IoU,0.600185

Class,IoU
class_0,0.939432
class_1,0.753272
class_2,0.055810
class_3,0.949252
class_4,0.816802
class_5,0.867679
class_6,0.347476
class_7,0.468925
class_8,0.714012
class_9,0.351428
class_10,0.654589
class_11,0.283547
