Metric,Value
Test Loss,0.523465
Pixel Accuracy,0.882595
Mean IoU,0.587356

Class,IoU
class_0,0.935833
class_1,0.727755
class_2,0.162133
class_3,0.961299
class_4,0.833962
class_5,0.899026
class_6,0.357032
class_7,0.535185
class_8,0.591455
class_9,0.255749
class_10,0.607995
class_11,0.180842
