Metric,Value
Test Loss,0.281705
Pixel Accuracy,0.908615
Mean IoU,0.557352

Class,IoU
class_0,0.946329
class_1,0.842664
class_2,0.053114
class_3,0.969943
class_4,0.878721
class_5,0.890902
class_6,0.307233
class_7,0.511574
class_8,0.655815
class_9,0.197315
class_10,0.203551
class_11,0.231061
